text,label,notes
"Can you handle college outside of your city? They will probably need a photo for a student ID, and you're going to have to show it to a lot of new people. What are you doing to deal with your fear and anxiety issues? How are you trying to fight back against panic attacks?",advice,
"i hope you can convince your parents to still let you go, or that you find another way to pay for tuition out of state. are student loans an option? or possibly having your counselor speak to your parents to help them see that going to uni out of state is the best option for you?",advice,
She is being abused. Her parents are AHs.,judgment,
Reading the first part it seemed like they were proud. Then came the crying and screaming and it all fell apart. Makes me wonder what the last few years have been like and what got it to this point.,reaction,
Last I went to the DMV the photographer asked me to approve the photo for my I.D. You gunna tell me her parents can't handle basically a DMV job? Sounds like it's quite possible her parents add to her anxiety due to the way they react so escaping would probably ease some of her symptoms.,judgment,borderline judgment/reaction; leans toward assigning fault
"ESH. Everyone in this story is reacting in the worst possible way at every stage and this has gotten completely blown out of proportion. Your parents should be respecting your feelings, and you're completely overreacting to this situation too.",judgment,
NTA but you really aren't helping anyone see you as a capable adult with this behaviour. To lose your shit this badly over a photo is extreme as hell. Go seek some very serious psychological assistance.,judgment,
She didn't lose her shit over the photo. Her parents lost their shit on her when she asked them to take it down. She only started crying when they started shouting and swearing at her.,reaction,defends OP emotionally without explicit verdict abbreviation
The world isnt a kind place only ever seems to pop up to justify the actions of others who could've chosen to be kind and didn't,reaction,
"My dad used to make me sit there and force eye contact for hours, screaming and cursing, until he wore himself out. If you have never lived in the relentless pressure cooker of a home then you cannot understand what it does to your sense of self and sanity.",reaction,"personal anecdote, emotional sharing"
"YTA. Look at it from your parent's point of view. They wanted to remember a special night and you had a meltdown about it. How controlling of you. They aren't being abusive, posting photos is not abuse.",judgment,
"Posting pictures is not abuse, but shouting at your daughter who has anxiety and is insecure about something personal is abuse. OP's parents took it way too far, treating their daughter as if she has no autonomy.",judgment,
Let me get this straight. Asking to have someone take down a photo is an unreasonable request and screaming at them and threatening to cut them off financially is a totally normal reaction? yikes.,reaction,
Its not their day and the verbal abuse wasn't necessary. Good parents know how to respect boundaries and handle a situation. They are both extremely abusive and explains why OP suffers from anxiety.,judgment,
love how you completely glossed over the shouting at her until she cried part,reaction,
And then shaming her for having an emotional reaction to being screamed at by two people. And then claiming she wasn't capable of being independent and they'll withdraw all financial support unless she agrees to stay under their direct control.,judgment,
"Once you're 18, they can't force you to do anything. Your life will be more difficult without financial support, but scholarships, grants, and student loans exist. Go get 'em and live your life how you want to live it.",advice,
"Some people don't like their picture being taken, and she has every right to ask for them not to be posted. Even if she was an arsehole, her parents behaviour IS abusive. This is verbal abuse, they were shouting and swearing and scaring her.",judgment,
OP remember this comment. This is a perfect example of several types of abuse you should try to avoid in the future. First they establish themselves as the sole person telling you the truth. Look what you made me do. This is borderline textbook.,judgment,"analytical breakdown, functions as judgment of the abusive parent's tactics"
"Your parents are abusive. Get out of your city and away from them as soon as you can. Find scholarships, get a roommate. NTA",judgment,
"NTA and I'm ticked on your behalf about the stolen lunchbox, even more than their disgusting habits",judgment,
Try billing them both since neither one will confess.,advice,
"yeah, the denial thing is genuinely wild. lazy about dishes is one thing but looking someone dead in the eye and saying you've never seen their glass lunchbox that was sitting on the drying rack the night before, that's focking weird",reaction,
If it's glass I bet it got broken by one of them and they just won't fess up to it,reaction,speculation about what happened
"NTA, but you need to find some new roomates, when you can. They're using you for free stuff and labour.",advice,
"Who is on the lease? If yes, I'd actually get in touch with the landlord and ask them how they'd feel if you were to try and find new roommates. No landlord wants cockroaches tenants.",advice,
"NTA. It's going to be hard for you to navigate this new normal because you are disliked by your room mates now. The GOOD thing is that you're drawing your boundaries, now you have to HOLD it and don't cave in.",advice,
"NTA. If I was in charge, I would get each roommate a specific colour or style of dishes. They lost the right to use your things because they were not responsible. They can go get their own, or go eat out.",advice,
"NTA. You were kind enough to share all your items and they treated your stuff like garbage, expected you to do the bulk of the cleaning and was all but putting up a neon sign welcoming bugs and rodents. Keep your stuff off limits and move out when you can.",judgment,
"NTA. Also, they stole your lunch box, which is making me unreasonably angry. Assholes.",judgment,
NTA- Sounds like both of them are getting a valuable lesson about what Mommy did. Both of them tried to force you to be Mommy. You have no obligation to be Mommy to anyone but literal children.,judgment,
"NTA, it was your stuff to begin with. unless they paid for part of it, then its not theirs",judgment,
If the remaining plates also belong to you I would take them as well. It is clear that these folks don't respect you or your belongings and need to fend for themselves.,advice,
NTA. They are slobs and don't respect you or your stuff.,judgment,
"If they can't respect your stuff, they lose that privilege",judgment,
"NTA. Your roommates are very immature. Keep your dishes, towels, everything of yours in your room and get out of there as quick as you can. Your roommates are not mature enough to live on their own.",advice,
NTA. You tried MULTIPLE times to have a conversation like adults. You gave them AMPLE opportunity to change their behavior. They chose not to. This is simply the Find Out stage.,judgment,
NTA. Of course they're mad. You put an end to their disgusting selfish behavior and there's nothing they can do about it because they know you're right.,judgment,
Im sorry your friends are mad at you?! For having cancer?! Fuck them all cut em all off,reaction,
"NTA. 'I'm sorry you have cancer and all, but look at this horrible pimple on my nose!!! How will I even leave the house?' I AM truly sorry OP for your diagnosis!! Don't include those who sided with K.",judgment,
The main character energy is absolutely wild. She really tried to make a literal cancer diagnosis all about her financial drama. OP needs to drop her and those enabling friends ASAP.,advice,
And fuck cancer!,reaction,
First make sure they have the full story,advice,
"if they DO have the full story and are still acting this way, that's crazy",reaction,
"Honestly? Hard no. Because they heard what lil miss sticky fingers had to say and instead of going to OP and asking what happened, they just jumped on the woe is me bandwagon. They can all go straight to the depths.",judgment,
NTA but I don't get why you're friends with her.,judgment,
or the other mutual friends. Empathy for the less fortunate when you've got news you've got cancer again? F that noise.,reaction,
"And not even just cancer. Cancer AGAIN! F her, F your mutual friends, NTA!",judgment,
"Also, she isn't even less fortunate. Her lack of money didn't happen by chance; it happened because she stole from her parents, and prioritised spending on unnecessary luxuries rather than her bills.",judgment,
"It's good they said that though - hopefully OP will realize they're all trash, and get rid of them.",reaction,
I cannot tell you the amount of people I had to console when I was diagnosed. I can tell you there are fewer than that number of people still in my life. NTA.,reaction,personal anecdote with brief verdict tag
"Definitely grief is the most unpredictable emotion. I was telling my friend that my nephew had just died, horribly, along with my father. She interrupted me to ask how old my nephew was.",reaction,personal anecdote
NTA - your friends should have some empathy for the less fortunate,judgment,
NTA. Narcissistic friends are not friends and have no time to support you.,judgment,
"NTA - Not only is your friend an actual money stealing thief, she's an emotional thief too",judgment,
NTA she and anyone who sided with her is insane,judgment,
Obviously NTA. She isn't a friend and neither are the people supposedly giving you grief about it,judgment,
First I'm sorry to hear about your cancer diagnosis. Sending you a big virtual hug. NTA your friend sounds selfish and needs to get her life together,judgment,
"NTA, silver lining, you've learned early on that you can never rely on her for emotional support. Probably not for anything else either.",judgment,
NTA and this person isn't your friend.,judgment,
NTA. They are just young and still through the phase where they think everything non-conforming is embarrassing. You're good,judgment,
"Also, his body his choice to know his skin tones limits to sun exposure and wanting to protect himself. GF is overstepping NTA",judgment,
They think everyone will be judging them. They haven't realised yet that nobody gives a shit.,reaction,
It takes ages to figure that out for a lot of people. I recently saw a video of a guy who laid down on the floor of a huge train station to prove nobody looks at you. Nobody stopped and stared.,reaction,
Feels more like insecurity on their side than anything actually wrong with your choice.,reaction,
I agree 100%. This screams peak teenage insecurity. They'd rather let him get a massive sunburn just to fit in. It's really immature,reaction,
"Seriously, you grow out of that mindset so fast in your 20s. He literally dragged himself out in a bad mood just to make his gf happy, and her response was to style police him.",reaction,
"NTA, if you want to wear a t-shirt while swimming what's the problem? Being protected from the sun is a very fair reason. Why do they care so much?",judgment,
I wear a shirt swimming for that very reason. I burn. I hate wearing it but it's better than pain and peeling skin.,reaction,personal anecdote
It's a placebo thing. Wet T shirts offer little or no protection from the sun. You get sun cream that gives good protection if you're in and out of water.,advice,
"NTA. But by the way, a T-shirt offers very little sun protection. For your next swim event, please get a SPF 50 rash guard.",advice,
There is a company called Nashie that does a button up swim shirt if you want something versatile.,advice,
Your gf doesn't own you. Imagine if you dictated to her that she further undress for the pool. NTA. She's not for you.,judgment,
NTA nobody cares what you're wearing but these are conversations that you shut down and I would not feel pressed to be nice about it.,judgment,
Your girlfriend and sister would be horrified over my swimwear. I wear SPF 50 swimwear that covers me from neck to wrist to ankle. Protect your skin from the sun!,advice,
NTA. Your girlfriend should at the very least respect your boundaries. You need to talk with your girlfriend about how this made you feel.,advice,
"In my area you have to wear swimsuits when going to pools, it's a hygiene thing. If this wasn't a public pool where t-shirts wouldn't be allowed, you do you. NTA.",judgment,
NTA for the shirt specifically but gentle ESH about agreeing to go to the pool in a bad mood. The excursion becomes about tiptoeing around your bad mood rather than the thing you're supposed to be doing.,judgment,
NTA. If the place allows t shirts then wear it.,judgment,
"Absolutely NTA. My fiance is pretty sensitive to the sun, and I encourage him to keep his shirt on because of how easily he burns. IMO, your gf is being inconsiderate",judgment,
"Baby no, as your internet mom you didn't ask for, this is worrying. Your body is yours only even in a relationship. Set boundaries and if she won't respect them, love yourself first.",advice,
"They're being ridiculous about something that doesn't have to be this complicated. Turn it back on them and tell them they need to choose different swimsuits, using their same logic.",advice,
There isnt a 4th other person in that pool or swimming centre judging you for wearing a shirt,reaction,
"Wait, so in your husband and brother-in-law's minds, you should apologize so they can come and live at a facility of which you are part owner? What benefit do you gain from them being there? NTA",judgment,
"NTA. This doesn't work out well. Your husband needs to understand that if you apologize for them to come back, they will feel justified in creating additional situations requiring your apologies.",advice,
"It's one of the worst ideas to involve family in your business. Best thing to do is to apologise that you didn't mean any disrespect, and tell your husband that's all you could do.",advice,
"That sounds like blackmail. Give us your condolences, again and again, or face the consequences of our thin-skinned immaturity! NTA",judgment,
"After all they've done, the idea of them coming back to your facility is nuts. You gave your condolences. Leave it at that, and let them find their own jobs.",judgment,
"Consider therapy before ringing the divorce bell. Once you say those words, you can't unsay them. Try couples therapy because you don't like how he lets his family treat you.",advice,
Info: Your husband wants you to apologize so people who attempted to damage your business and reputation will resume using your services for free?,reaction,"clarifying question, INFO-type comment"
He's grieving the loss of his mother and trying to reestablish a connection with his sibling. It's easier to tell you to fix it than currently accept his brother is a jerk. Grief is weird.,reaction,"explanatory/empathetic framing, not a direct verdict"
NTA. This is an example of people nursing a grudge. No amount of apologizing is going to help. They have decided how they feel about you. Tell your husband he can see his brother all he wants. But leave you out of it.,judgment,
"Nta, also dont let them come back to your facility. They seem like opportunist who are trying to use the grief to strong arm their way back in.",judgment,
"Info1: what was the misbehavior, what was the correction/punishment and what was the joke? Info2: did you go to other members of the family and offer condolences to them? Cause then it looks like you singled the boys out specifically and that's AH behavior",reaction,"INFO request, clarifying questions"
"NTA. Sadly, husband problem.",judgment,
Nta. Don't let them return to your facility,advice,
"You gave your condolences, more than once. Let your husband have the relationship he wants and leave you to your peace. NTA",judgment,
"I don't dare to have an opinion because I feel that there might be crucial info missing here. This is not about the apologies, but about the grudges you have among yourselves.",reaction,
NTA. You're right and he's wasteful. He shouldn't take any donations at all.,judgment,
"I don't think YTA for thinking it, but for saying it, maybe? I think it should have been a complaint to management for them to have a conversation with him directly.",advice,
Phone stores have regulars? Phone stores have regulars AND some of them are homeless?! This is the most shocking part of the story for me.,reaction,
"YTA. ALL you had to say was 'hey can you please clean this up some more? We don't want any bugs coming around.' He was being messy, not uncivilized. You ought to apologize to that man.",judgment,
ESH. You were cruel. You could have phrased it much better.,judgment,
"NTA. That man needs to clean up and learn hygiene at his big age and even after you said it, I bet he won't change.",judgment,
"Sounds like something your manager needs to take care of as this is negatively affecting your job. Slight YTA for your word choice, but this guy needs to be given rules to follow.",advice,
"NTA. Imho, you did him a massive favor. You brought to his attention unacceptable behavior, giving him the opportunity to correct this before it becomes a problem with people that matter to him.",judgment,
"I think it was a bit mean, but I don't think you intended it to. Try giving him specific examples of what to clean! NTA though, it is gross.",advice,
I think you figured out why he's homeless,reaction,
You feel awkward since it sounds like your work is going out of its way to help the fella. I think there's just a serious conversation in order about how he's having his needs met.,advice,
YTA. Um? He's fucking homeless. Of course he's cooking in the only place he can. That can easily be solved by telling him to take the trash to the dumpster instead of talking down on him.,judgment,
NTA You've asked him to clean up after himself and he does the bare minimum. He's also wasting a bunch of food that was donated to him. Does he even have permission to do this?,judgment,
"NTA. He's taken over the place and is a firm believer in gender roles - you get the honour of cleaning up after him. But you were harsh in your words, though.",judgment,
"Do you not have a manager or something?? This is disgusting, one of you just needs to throw the freaking trash out. I would have no problem telling your manager that there is food debris in your bathroom sink.",advice,
"There are more tactful yet still direct ways to say it, but I lean to NTA. That is a lot on you to clean up after and still gross for the entire store.",judgment,
"ESH I'm homeless currently, I understand using what few resources you have but ffs, he works there he has to show some semblance of decency. The uncivilized comment was wholly unnecessary, kicking someone while they're down.",judgment,
"ESH. He's the AH because he's taking food that could have gone to other needy people and throwing it away. You are the lesser AH because there's no need to be insulting, just tell him to do a better job cleaning up.",judgment,
"YTA. People go too quickly from 0-60, saying nothing to saying insults, when what they really need to do is be clear and up front about expectations. Should have said this is not acceptable, you need to do x, y, z. No need to use insults.",judgment,
INFO: Did you ask them outright for the schedule?,reaction,
Is your wife not immediate family? Did she have the schedule?,reaction,
"What are they, royalty with a security detail?",reaction,
"Yes, that is what I would have done as soon as I knew there was one. The family here makes no sense whatsoever that they'd create a schedule and not share it, then passive aggressively get angry later.",judgment,
"Seriously, it's like the family is trying to find a way to isolate outsiders, even ones who are eager to participate. NTA, OP.",judgment,
"Enjoying the irony that multiple people have asked if you asked for the schedule. NTA, sounds like they didn't like the natural consequence of their own inaction. I would be upfront for any future plans.",advice,
"Most normal, sane people handle things the same way as you and your family. Your wife and her family sound EXTREMELY toxic and not living in reality. They expect all to bow down to them.",judgment,
"Yeah, this is all your wife's fault. She could have provided you with the schedule she'd been given at any point, but she didn't mind leaving you hanging. NTA",judgment,
But isn't his wife immediate family? Why didn't he ask her for the schedule or ask her to ask for it. Something doesn't line up here.,reaction,
"Reading comprehension is not your strong point. He says he asked his wife and she didnt know anything either. After this they would be my ex spouse, no one deserves this treatment.",reaction,
"Why are people saying you're the AH? Come on now. NTA!! Your wife and her family are mad at you for asking where you're going next, why are they so irritated by you?",judgment,
NTA. You can't be expected to follow a schedule you were never given. Asking questions is normal; they needed to communicate their expectations instead of expecting you to guess.,judgment,
"Are you neurodivergent by any chance? I am and I haaaaaate not having trip details! NTA, unless you were being super obnoxious or rude with your questions, which it doesn't sound like you are.",judgment,
"Im absolutely not neurodivergent, and Id be frustrated to be banned from info. There is a huge chance that I won't go at all.",reaction,
"NTA. You may want to work on your psychic powers though, as you seem to have married into a family of mind readers.",judgment,
"On one hand, I can't stand people that ask incessant questions. However, any group vacation I have ever been on, we discuss what is planned for the next day so we can all be on the same page",reaction,
NtA Why didn't you get a schedule? Her family seems weird,judgment,
Please don't make their engagement about you.,advice,
I feel like there's a very good reason he had to deliberately ask OP not to show up and make it about themselves.,reaction,
"Yeah but, why did he even give the details of the proposal in the first place, if he never told OP how or when, then he wouldn't have had to go out of his way to ask her not to show up",reaction,
I was thinking the same. I knew my son was going to propose. He did not tell me not to show up. He also did not invite me to attend. I did not even consider showing up. This mother has been specifically told NOT to be there for a reason.,reaction,
"Right, what a weird take as a parent. I think there's some unhealthy attachment issues here.",judgment,
"'if I don't show up, no parent of hers will' - parents dont belong at proposals.",judgment,
Yup her daughter will be building an independent life with lots of experiences that her mother will not be privy to,reaction,
"My partner and I were mostly naked, and in bed when I proposed.",reaction,
You didn't mention whether you invited your mom or not.,reaction,
Exactly this! Also the fact that he specifically had to tell you to stay away kinda sounds like they're used to you making things about you OP. Please don't make this about yourself. It's definitely selfish if you show up. YWBTA,judgment,
The fact that your daughter's fiancé felt like he needed to preemptively ask you not to show up at a surprise proposal is a sign that you exhibit some boundary issues. YWBTA.,judgment,
Right? It's not like he asked you not to go the wedding. Proposals aren't always big family events. Sometimes they can be private and intimate.,reaction,
YWBTA. Parents do not need to be at proposals. You were specifically not invited. Don't show up where you weren't invited,judgment,
She is not going to listen to any advice given here. She will come up with her own reason why she definitely definitely needs to show up.,reaction,
"This isn't about you. It's a private moment for your daughter and her future husband. I'm begging you, don't be a JUSTNOMIL before they're even engaged. Celebrate with them afterwards like a sane person.",advice,
It says a lot that her fiancé had to tell you not to come. A proposal is not a family event. It's between the couple. Why would you be there? Why did you need to be told not to be there?,judgment,
I was thinking the same thing. What kind of parent would want to crash their kids proposal? You would have to be very selfish and completely self-absorbed to even think of inserting yourself into this event.,judgment,
Will you be wearing a white gown at the wedding also? Jumping in and grabbing the spotlight during the first dance? See how all these scenarios are obnoxious? So is showing up to her proposal.,judgment,
He respectfully came to you to ask for your daughter hand in marriage so respectfully don't ruin the surprise he asked you not to be there so just respect his wishes,advice,
Struggling to understand why you feel like you are needed there. Very odd,reaction,
'but I don't know if it's a selfish decision of me to show up uninvited' I think you know. YTA,judgment,
"YTA. This is about them, not you.",judgment,
Of course you're the asshole! This is about your daughter and her boyfriend. Your status as a single parent is completely irrelevant. Do not show up.,judgment,
"YTA. You are making so much of this about yourself and it shouldn't be. Unless explicitly invited, parents aren't present at proposals. You might want to really do some introspection.",judgment,
"NTA. This is one of those situations that warrants immediate discussion imo. First, he doesn't get to shame you for putting a baby down for five minutes. Second, he isn't pulling his weight as a father. This alone needs to be corrected yesterday.",judgment,
"INFO He Was in bed with you and the baby, right? So why wasn't he holding and entertaining the baby if he was done feeding?",reaction,
NTA. Is this your first child? He just sounds like he's a bit anxious and unfamiliar with how much you're supposed to watch the baby. If he felt sick because he was nervous that's understandable.,judgment,
Nta. He's a twit. His reaction is completely unjustified and is toxic.,judgment,
"NTA. Instead of trying to raise your anxiety and control your behavior, if he was actually worried about the baby he could have just watched, held, or cared for the baby for 5 gd minutes.",judgment,
NTA and it is normal to need a break. Tell him he is in charge once a week while you go for a coffee or whatever with friends.,advice,
NTA. Did he have a mother who was negligent or emotionally detached? I'd approach with curiosity and ask him to fully walk you through what led to him having the reaction he had then assess if it was logically reasonable.,advice,
"NAH. Did your partner overreact? Yes, undoubtedly. But it's very likely he's having some pretty severe anxiety over the baby. I would recommend either counseling, or getting him to interact more with other, more experienced parents.",advice,
"NTA. You don't have to be in your babies face every minute they're awake. If you needed 5 and baby was happily playing behind you, no drama at all.",judgment,
NTA. I'm a petty bitch and would spend a few days never looking away from the baby. Chores wouldn't get done. He would need to take the baby much more often so that I could do things like shower and glance at my phone.,reaction,
"NTA. Your partner is being dramatic, to say he is physically sick is pushing it. A baby doesn't need to be stared at constantly. You keep doing what you're doing. He's the AH, not you",judgment,
NTA I'm on my phone right now at 3:30 AM while baby is grunting in the crib trying to poop. A lot of the time there's nothing for us to do and staring at the baby is not going to change anything,reaction,
"Definitely NTA. Taking 5 minutes to decompress while your baby is completely safe and content next to you is a normal part of surviving as a stay at home mom, not a crime.",judgment,
He sounds like a selfish self centred arsehole,judgment,
NTA. He sounds misogynistic lowkey. I feel like men be lowkey resentful that they have to work while you get to stay home and do nothing. God forbid you need 2 secs to yourself.,judgment,
NTA. Your partner is manipulative af.,judgment,
NTA. God forbid you have a moment to yourself. You're with your child that you brought into this world 24/7. Your baby was fine.,judgment,
"To me, nobody is the AH! Both parents failed to recognize their own triggers and instead reacted, creating this conflict. I suggest looking internally at what caused you to lash out and have an open conversation with dad.",advice,
"Nah, you're fine. And so is he. It's a normal reaction from the dad, especially with first children. I'd say call the grandma for a few hours and go get some good dinner.",advice,
Your partner needs to spend more time helping you with the house and your child so you get some time to yourself. And 4 month old babies don't bite out of boredom or malice. Sounds like you really need a break.,advice,
"Take what im about to say so seriously. Whatever days off he gets, he has baby all day one of those days. You get to do whatever you want, who cares! Once a week, he steps up. No questions asked.",advice,
NTA. Your partner's reaction is weird.,judgment,
NTA you needs breaks and you were still caring for the baby if he was actually so worried he would have cared for the baby and let you have a minute of peace,judgment,
"NTA - actions have consequences. Never calling you back isn't them doing their best. They set the tone for your relationship, you're just following the new status quo.",judgment,
"Agreed. When you went to college, either they washed their hands off you out of negligence or they abandoned you to force you to be independent. Either way both have damaging consequences. They failed you when you needed them most.",judgment,
exactly it's just convenience-based parenting because the OP is physically right in front of them again. They want the authority of being parents without having put in any of the actual effort over the last two years,judgment,
Love isn't an intention or merely an emotion. It's an action. Tell your aunt how they took a 2 year vacation from you and that is not normal. Check if you are adopted.,advice,
NTA on your part. But the specific things you're saying they've started doing suggests to me that they are trying to get you into a financially stable position so that you can then move out.,reaction,speculative theory about parents' motives
"THIS. They want you set with a job so they can start asking you for rent or kick you out. Press them past the tears and rudeness accusations. If you're prepared for the consequences, you deserve answers.",advice,
"I would say it's not quite as maladaptive as this but the personal consequences are similar. They think they succeeded when OP went to college, and they think OP coming back is a regression.",reaction,
From bitter experience... they want her to move out or to support THEM.,reaction,
"Yeah that was my thought too, there not parenting her or even reconnecting, they want OP out and the time line for when that's happening.",reaction,
Sounds more like they need her to have money because they are gonna be moving in with her not worrying if she's moving out,reaction,
You're NTA. Unfortunately you also live under their roof. You should maybe try to have an honest conversation with them about this so it's not just a sore spot of tension while you're living with them.,advice,
NTA. They needed a reality check. Can you talk to them once everything calms down in a couple days? Like give each other space and then ask to talk.,advice,
Did they ever even attempt to explain why they basically ignored their child for two years??,reaction,
"NTA, tell your aunt what your parents have been doing, or rather, not been doing",advice,
"Let me guess, dad's speech was at a big dinner that involved extended family, right? You're not the asshole. And I have bad news. Try looking up how to gray rock during your conversations to keep the drama to a minimum.",advice,
"NTA. Their actions (or lack thereof) have consequences. They weren't there when you needed them, so they lost any right to have a say.",judgment,
Did their best? No. Not true. Next conversation is why did they ghost you?,reaction,
"NTA. You're not rejecting them, you're just not taking advice from people who weren't there for you.",judgment,
"Nta. But you're staying with them for free, so you're going to have deal with it to save money.",advice,
NTA. These jokes are all precursors to real actions that will occur. You're not overreacting. This isn't something you deal with when the time comes. You and your husband absolutely need to make that plan now.,advice,
"Exactly, your husband's solution by just dealing with it later is not good. He needs to stand with you and talk to his family as early as possible. NTA.",advice,
"I agree and his mother ought to know better too. Very disrespectful. As for ur husband, men don't have to push a watermelon out & experience post partum. They'd change their minds pretty quickly!",reaction,
"Your husband saying we will deal with it later could be a cover for you are too tired to put up a fight mode. Next OB appointment, talk it over with your doctor and get help in setting up boundaries with his family.",advice,
"NTA, and the comment's right! The real red flag is your husband's 'we'll deal with it when the time comes.' The plan has to be now, and it has to be him telling his own mother.",judgment,
"And the response to when Grandma has the baby, Grandma makes the rules? Then Grandma won't have the baby.",reaction,
Exactly this isn't about christmas it's about them already showing they don't respect boundaries and hoping she'll just give in later,reaction,
"Anyone who's asking you to host a large family gathering when you're due/past-due/post-partum doesn't love you. Tell your husband to grow a spine or gtfo. During delivery, inform the nurses you want no visitors.",advice,
Heck I'd say to mention it at her next OBGYN apt so there's a record/timeline too.,advice,
"NTA. You have a husband problem. The last thing you need to be doing while freshly post partum is hosting people. Let the nurses know you don't want visitors, they will handle it.",advice,
"By not dealing with it now, hubby is allowing his family to rule. To do list for hubby: grow a spine, put your wife's well being ahead of your cowardly need to put off dealing with your family.",advice,
May I also add one to your list? The next time he says the word 'dramatic' he gets to sleep on the couch. No mother wants a house full of people and guests coming and going while you're 8+ months pregnant.,advice,
Tell your husband he needs to deal with this with you NOW! Or it's going to snowball and they will run right over you,advice,
Husband needs to deal with this YESTERDAY. NTA at all.,judgment,
"Fuck that NTA you have a husband problem. His responsibility to keep his family in line. Don't back down, don't be a doormat, hold your ground and have a very firm conversation with your husband.",judgment,
NTA. The biggest risk is everyone travelling and meeting the unvaccinated baby. Newborns barely have any immune system. Ask your OB if she can help provide any resources on newborn care.,advice,
"Who told them to pre-emptively assume they were coming? NTA, they can get a refund or points whatever the airlines offer.",judgment,
Oh honey. This family is stomping all over your boundaries and you need to put a stop to it right now. Tell your husband he needs to protect your peace and your health.,advice,
Tell your husband of his family comes you'll be having your own staycation elsewhere just you and the baby,advice,
NTA and your husband needs to tell his family to back off right now. It will only get worse the closer to birth you get and he needs to enforce the boundaries you set as a couple.,judgment,
"No, you deal with people and their attitudes NOW so they won't have a leg to stand on later. BTW, the hospital will absolutely respect your wishes for the birth.",advice,
No one should be seeing a brand new baby at all after travel. NTA. Your child's life depends on your ability to set these boundaries.,judgment,
"While first time parents can be a bit crazed at times, you're being reasonable. Your husband needs to shut this down now. NOW! He needs to lay down the law.",advice,
NTA. You have a husband problem. He needs to shut his family down when they stress you out. They are his circus. He needs to step up.,judgment,
"'You don't do that to blood' goes both ways, like not stealing from them, like not putting them in this kind of situation. She knew what she was doing. YWNBTA, she already was TA",judgment,
I had to scroll too far to read this. Why is it always 'you don't do that to blood' when it's in regards to consequences? What about the transgressions? YWNBTA OP.,judgment,
Just want to let you know the comment you replied to is top comment now!,reaction,
"However, being NTA doesn't mean mom won't kick you out and grandma won't cut you off, so have a plan for what to do if that happens.",advice,
"Fellow ADHDer on medication here, call the cops. It's illegal to steal ANY prescription medicine from someone. Call the police, otherwise she'll probably keep stealing your meds. NTA.",advice,
In the bud*,reaction,
OP is between a rock and a hard place. They could very well be financially cut off if they do this. Obviously NTA though.,judgment,
Your mom and grandmother have interesting values by saying you don't do that to blood. What about what your mother did to you? After all you are blood too.,reaction,
"Doesn't seem like she was down until she got caught. As someone who takes controlled meds, file the police report.",advice,
"Your mom's an addict, your grandmother is an enabler. If you don't report the stolen meds you'll be enabling her too. She will never get better while people shield her from consequences.",judgment,
"YWNBTA. If her addiction is active enough that she's stealing meds from her adult child, are your younger siblings REALLY safe with her?",judgment,
"Seriously, why is no one else talking about the other children. OP, you need to file a police report to get your prescription. Whatever happens to your mother after that is the consequences of her actions, not yours.",advice,
"YWNBTA, but you have to be prepared for them not to forgive you, even though you are in the right.",judgment,
"You're off for the summer semester. It'll suck, but split out the 24 you have left and only take it when you NEED it. Sometimes you don't get to do the right thing because of the consequences you end up with yourself.",advice,
"File the police report. If she doesn't have a record, the chances of her ending up in jail are small. Your family is asking you to join their club and enable her, please don't. NTA",advice,
Your mother is an addict. She has overdosed before. File the police report and let her face the consequences of her actions. She will be ordered into rehab.,advice,
"NTA they're your meds that you need and that you shouldn't take breaks from without consulting your Dr first, file the report.",advice,
"You can file a report and then tell the investigator you'd prefer not to press charges. Or you can basically live handicapped all summer, sometimes addicts NEED consequences to stop their behavior.",advice,
"NTA, I think, but you Mom is an addict and needs consequences. I would maybe tell her first, and say I am sorry to do this but I need my medication.",advice,
"Yta - I treated them to their own abilities. Then, you should have had SOME requirement for your younger son. I would look carefully at the other expectations you have set between your sons.",advice,
What got me was the part where the older son had to help the younger son with his school work to even reach the 3.1,reaction,
"Yeah the younger son had some help and there's no pressure from the parents. While OP is not wrong for rewarding the younger son too, the reward shouldn't be greater than the older son's.",judgment,
This. I seriously doubt OP paid the older kid for the tutoring time and efforts either. Strong golden child vibes about the younger son,reaction,
It sounds like what they are actually rewarding is that the younger son put in the same or potentially even more time and work. That's the sort of thing you can fix with a sit down conversation with the older son.,advice,
"Speaking as an older, talented sibling, it's always deeply enraging when parents set lower standards for my younger sibs without acknowledging that they set grossly unreasonable ones for me.",reaction,
YTA. Your oldest didn't have an easier time. He had higher expectations his whole life. You rewarded the brother who had lower expectations. Common dynamic. And sad how often this happens.,judgment,
"Bingo. Having been the oldest with the highest expectations, it was literally never an option for me to not achieve. Now they're over 30 years old and their life is still 100% funded by the parents.",reaction,
Oldest kid dynamic. A classic. YTA. You arent rewarding hard work really. You only gave one a measuring stick.,judgment,
YTA. This is such a slap in the face to the older son. I don't blame him for being furious. The very least you could have done was buy the younger son an older car.,judgment,
Right he tried to justify buying the newer car before even fully showing US the Car,reaction,
You could hand me a 10 year newer Ford Taurus and I'd still be pissed to not have the Camry.,reaction,
I think you should take your oldest sons reaction as a starting point for a deeper conversation. Just because someone is performing well doesn't mean it is actually easier for them.,advice,
"YTA. I think you're downplaying the amount of work your oldest put into, not just getting a 4.0, but helping your youngest get a 3.1.",judgment,
"YTA, if you had told both kids that if they both proved to you that they did their best in school you'd get them a car then fair. Don't necessarily hold them to equal results but you can hold them to an equal level of effort",judgment,
"YTA, I was the kid that everyone expected more out of and it sucks. It's suffocating. Everyone just expects you to be perfect while your siblings are rewarded.",judgment,
YTA. He worked specifically for that goal for 4 years and then just gave it to your other son. It's totally reasonable for him to feel cheated.,judgment,
"YTA you didn't have a straightforward conversation about expectations with your younger child. As the oldest who was constantly told I was lucky, yeah it all sucks.",judgment,
"Yeah, YTA. This is a massive amount of goalpost moving, and of course your son is pissed. It's extremely disingenuous to claim that now.",judgment,
"YTA. Older kid should've gotten the newer car. He is older, he worked harder, and most importantly, he helped his younger brother do that work. You turned something beautiful into a betrayal.",judgment,
"Your oldest has a point, he worked hard for years to keep that 4.0 and he gets a 10 year old Ford. Younger brother gets a newer car. YTA",judgment,
If you wouldn't have still bought the oldest a car YTA. There should have been SOME requirement for the youngest or no requirement for the oldest.,judgment,
"NTA for this context. This friend wanted the dress code, had an outfit planned, had time to set something else up, and then told you they just didn't care. Your friend is the asshole.",judgment,
This friend is trying to tell something without using words.,reaction,
"Oh that friend already told the OP that something, it's 'I don't care.' That's not a friend.",reaction,
"If someone doesn't want to follow the dress code, why not just decline the invitation? Your friend was the asshole.",judgment,
"Agreed, if the friend can't be bothered to dress up, not attending was a valid choice.",reaction,
"NTA, something isn't adding up. There is something she isn't telling you. To have helped up until days before, to all the sudden switch places and show up late? Something is amiss.",judgment,
"If you want to keep the friendship then approaching it as 'I noticed you were not acting like yourself, wanted to see if everything was ok'. Best question to ask yourself is what do you want out of this scenario?",advice,
"This! My first thought, it's odd they helped and even suggested the dress code, but then they didn't care? Odd, sus, something is up!",reaction,
Plus why were they so surprised that other people dressed up? I wonder if something happened and she ruined her dress and was just too embarrassed to admit it?,reaction,
Trivial? Yes. But a valid point? I would say so. Because true friends know when something means a lot and will come through. NTA,judgment,
'I haven't hosted a party in a while so OBVIOUSLY I had to tell everyone what to wear' ESH,judgment,
"OP hasn't hosted a party in many, many years but is also only a first year college student. That doesn't really add up.",reaction,
"I didnt even own a suit till senior year of college for job interviews, do 18/19 year olds normally host formal parties?",reaction,
I was fully confused as soon as I read this sentence. How is that obvious? I still don't understand why that's the important part here,reaction,
This is a lot more common with younger people now. Everyone wants to know what are we wearing. Gen Z is the dress code generation.,reaction,
"The question really is do I want to blow up my friendship over this? Yes it was rude of your friend, but it's extremely petty of you to refuse to go to her party over a pair of jeans.",advice,
"ESH. Saying formal attire please is ok. But a color palette is silly, WAYYYY over the line and actually not polite for a formal event.",judgment,
"NTA. I'm confused, was that same friend the one who suggested the formal attire? If she was, why would she do that if she wasn't gonna follow it?? Just weird",judgment,
I'm gonna say NTA. You made it clear from the beginning that there was an expectation for how to dress. She deliberately went against it. So she shouldn't be surprised that you're not happy about it.,judgment,
Info: Did you ask her why she was so adamant about jeans?,reaction,
"ESH, you can set a dress code but you can't make them follow it! Your friend is an AH for wearing jeans, but your behavior makes you an AH too for making a giant deal out of it.",judgment,
I'm so tired of people acting like dressing up for a party is some huge burden. OP's friend suggested the dress code. Then asked to break it and was told no. Then did what they wanted anyway. That's rude as hell.,judgment,
NTA and I'm very surprised by the YTA responses. The whole thing seems incredibly strange to me. I would start paying more attention as to how this friend acts around me.,judgment,
YTA and don't you dare tell your parents that she doesn't want to come. Make it clear that decisions are both yours and your wife's on the consideration of your newborn.,advice,
"I CANNOT UPVOTE THIS ENOUGH. So please for the love of your wife, do not make this a 'my wife says no' but tell them it's too soon and YOU are looking out for them.",advice,
God bless the Grandma Marys of the world,reaction,
This. You'd be double YTA if you threw your wife under the bus and said she didn't want to come. You're both doing what's right for your baby by not taking that international flight.,judgment,
Right?! The earliest they will give a baby the MMR vaccine is six months. I would not be traveling anywhere until my baby had the first dose of all its major vaccines.,reaction,
He wont. Why do you think they blame her for his adult actions of moving to a new country. OP is not ready to put his adult pants on and tell his parents that moving was his adult decision.,judgment,
I find his edit telling as well. I think he is trying to use his child to make them happy and to help their relationship. They dont respect her now so why would they with a baby involved.,reaction,
"International with a 5mo? Absolutely not, no. You weren't the AH for asking, but YTA for pushing. And yes, everything has changed significantly.",judgment,
"Also, OP married and reproduced with someone he knew had tension with his family, IMO he should be pestering his parents to accept his wife, rather than pestering his wife to lump it.",advice,
"This, exactly! It's on OP to be on his wife's side, THEY chose to marry and live where they live, don't let the wife bear the brunt of their displeasure. He needs to be vocally in her corner.",advice,
YTA. She's literally risking her health and life to have to have your baby. And you're trying to pressure her to travel internationally with the baby before she's ready? Not okay.,judgment,
I can feel the anger radiating off this comment and I love it,reaction,
I'm pregnant myself and reading this made me seethe with anger as well. I can't imagine my husband trying to force me to do anything I don't want to do literal months after birthing his child.,reaction,
Why are his family still some of his favorite people if they treat his wife and mother of his child like this? Despite the edit I don't see one single indication he will ever tell them to go scratch.,reaction,
"YTA, the holidays are an insane time to travel and the height of sickness and your child will not have all their vaccines to keep them protected!",judgment,
This. You want measels? This is how you get measels.,reaction,
"Also, he thinks they will all be hanging out with his sister and her month-old baby? Is SHE even comfortable having her newborn around her brother and his family after they just travelled internationally?",reaction,
Making that poor kid travel every Christmas is awful too. As a mom I now forbid leaving the house on Christmas. We celebrate another day with extended family.,reaction,
YTA for wanting to visit your parents who haven't been very accepting of your wife. I'd bet you're underselling how badly they treat her.,judgment,
YTA 100%. expecting a woman who's only 5 months postpartum to go on a 5 hour flight out of the country with a baby is wild. She also deserves to be able to enjoy your child's first Christmas while still adjusting to motherhood.,judgment,
YTA. You are 100% correct expectations have changed because you now have to factor a small baby into that. The focus should be on your wife and kids.,judgment,
YTA. Your family actively dislikes your wife in your own words. You're asking your wife for a lot with no incentive for her. Like two new parents that dislike her and international travel sounds like nightmare fuel.,judgment,
YTA. You should travel when your wife is ready. You have no idea what you're asking. She will be under a microscope with your pissed off mother.,judgment,
"YTA If your parents already dislike your wife for you settling in a different country, they are not going to make things easier for her during the visit. You can visit your parents later once your baby is older.",advice,
